<?xml version="1.0" encoding="utf-8"?>
<ComparisonList>
    <List>
        <Name>CTC VS PAYROLL</Name>
	<FileName1>CTC</FileName1>
	<RowHeaderFile1>1</RowHeaderFile1>
	<Field1File1>GEID</Field1File1>
	<Field2File1>INBASE+ASR+CARALL</Field2File1>
	<Field3File1>INHRA+LTA+LPA</Field3File1>
	<Field4File1>LTA</Field4File1>
	<Field5File1>LPA</Field5File1>
	<Field6File1>CARALL</Field6File1>
	<Field7File1>PF</Field7File1>
	<Field8File1>GRAT</Field8File1>
	<Field9File1>SUPANN</Field9File1>
        <SourceFile1>C:\Users\EV40859\Documents\Projects\In Progress\India Payroll Reconcilliation\NEW\CTC.xlsx</SourceFile1>
	<FileName2>PAYROLL</FileName2>
	<RowHeaderFile2>1</RowHeaderFile2>
        <Field1File2>GEID</Field1File2>
        <Field2File2>BASIC+SPECIAL ALLOWANCE</Field2File2>
        <Field3File2>HOUSE RENT ALLOWANCE+MEDICAL+CAR</Field3File2>	
	<Field4File2>LTA</Field4File2>
	<Field5File2>LPA</Field5File2>
 	<Field7File2>GRATUITY</Field7File2>
 	<Field8File2>SA</Field8File2>
 	<Field9File2>SA CASH</Field9File2>
	<SourceFile2>C:\Users\EV40859\Documents\Projects\In Progress\India Payroll Reconcilliation\NEW\PAYROLL.xlsx</SourceFile2>
    </List>
</ComparisonList>